race_unique_id,horse_id,odds,pred_prob,placing,odds_group
2026/01/01_11,K201,3.9,0.41038164,6,"(3, 5]"
2025/11/30_9,K180,1.9,0.40348753,3,"(0, 2]"
2026/01/01_10,K136,2.4,0.40076092,4,"(2, 3]"
2025/11/23_9,K317,2.0,0.3994953,5,"(0, 2]"
2026/06/24_9,L240,2.5,0.391901,2,"(2, 3]"
2025/09/28_11,K491,2.8,0.39079636,3,"(2, 3]"
2025/10/12_7,K180,1.9,0.38762593,2,"(0, 2]"
2026/05/20_8,K451,3.3,0.38418013,2,"(3, 5]"
2025/11/26_9,K234,1.8,0.38228017,4,"(0, 2]"
2025/12/14_3,K442,4.1,0.3758392,3,"(3, 5]"
2026/06/27_11,J428,2.3,0.37330008,3,"(2, 3]"
2026/03/29_10,L152,6.3,0.3731863,3,"(5, 10]"
2026/01/11_7,K317,2.0,0.37196162,12,"(0, 2]"
2026/06/21_5,K041,5.9,0.36639297,5,"(5, 10]"
2025/12/27_5,K442,1.6,0.3613344,8,"(0, 2]"
2025/09/07_10,J343,2.5,0.36127543,6,"(2, 3]"
2025/07/05_11,J343,1.7,0.35968754,2,"(0, 2]"
2025/10/19_6,K442,1.7,0.3593611,5,"(0, 2]"
2026/07/15_7,J503,3.0,0.35833445,5,"(2, 3]"
2025/07/01_7,J285,6.2,0.354455,7,"(5, 10]"
2026/07/04_10,L040,1.9,0.35380155,2,"(0, 2]"
2026/05/27_8,K411,4.9,0.3531693,7,"(3, 5]"
2026/07/15_5,K297,2.6,0.35079885,3,"(2, 3]"
2025/11/15_4,K310,6.1,0.34445992,8,"(5, 10]"
2026/03/15_10,L195,4.9,0.34431034,3,"(3, 5]"
2025/10/26_6,K014,7.9,0.3428649,12,"(5, 10]"
2025/11/05_1,J452,1.7,0.33902133,2,"(0, 2]"
2026/02/14_1,L142,6.3,0.33385423,4,"(5, 10]"
2026/02/19_8,L152,2.9,0.3330936,2,"(2, 3]"
2026/04/15_7,K145,4.1,0.3321839,4,"(3, 5]"
2026/03/29_9,K218,4.2,0.32795197,3,"(3, 5]"
2025/11/09_9,K246,2.4,0.3255461,3,"(2, 3]"
2025/11/05_5,K334,1.7,0.32554457,2,"(0, 2]"
2026/01/04_11,K172,3.3,0.32399565,5,"(3, 5]"
2026/03/11_9,K395,1.7,0.32345605,2,"(0, 2]"
2025/11/02_9,J325,7.9,0.32092616,7,"(5, 10]"
2025/12/20_5,K545,4.0,0.31971997,12,"(3, 5]"
2025/12/03_6,K334,4.1,0.31903628,7,"(3, 5]"
2025/10/19_10,K491,3.7,0.31894737,4,"(3, 5]"
2026/05/13_8,K056,2.2,0.31596968,3,"(2, 3]"
2026/05/09_8,L099,3.3,0.3137807,3,"(3, 5]"
2026/04/26_6,L014,2.8,0.313502,4,"(2, 3]"
2026/03/01_8,K056,2.2,0.31273317,4,"(2, 3]"
2025/11/26_6,K485,4.4,0.31217736,2,"(3, 5]"
2026/06/03_4,H403,2.4,0.3115757,12,"(2, 3]"
2025/09/10_5,J298,2.1,0.3114262,2,"(2, 3]"
2025/10/26_7,K385,2.3,0.30905148,4,"(2, 3]"
2026/01/14_9,K238,4.8,0.30738613,2,"(3, 5]"
2026/06/03_6,L068,17.0,0.30708662,3,"(10, 100]"
2025/12/23_9,K258,3.7,0.30673063,6,"(3, 5]"
2026/04/06_1,L126,1.5,0.30586892,2,"(0, 2]"
2026/01/28_5,J509,1.8,0.30521262,3,"(0, 2]"
2026/05/13_7,L068,8.5,0.30469635,12,"(5, 10]"
2026/05/17_4,L264,2.7,0.30364618,4,"(2, 3]"
2025/10/12_9,J325,7.5,0.30354568,7,"(5, 10]"
2025/07/13_5,J463,5.7,0.30201775,6,"(5, 10]"
2025/09/14_7,K436,1.5,0.3010616,8,"(0, 2]"
2025/10/26_3,K410,4.6,0.29825652,6,"(3, 5]"
2025/10/04_10,K385,2.5,0.29667956,2,"(2, 3]"
2026/07/12_9,L099,3.5,0.2946143,7,"(3, 5]"
2026/06/10_5,K416,3.0,0.2916455,4,"(2, 3]"
2026/03/22_6,L014,4.5,0.29154095,4,"(3, 5]"
2025/10/08_9,J490,3.1,0.29040372,2,"(3, 5]"
2026/06/24_4,K223,1.5,0.2899347,3,"(0, 2]"
2026/04/15_5,K226,4.9,0.28884584,6,"(3, 5]"
2026/04/22_6,L260,2.7,0.28874448,4,"(2, 3]"
2026/01/07_2,K080,2.3,0.2878918,10,"(2, 3]"
2025/10/08_8,E434,11.0,0.28779176,2,"(10, 100]"
2026/02/19_11,K056,3.3,0.2877113,4,"(3, 5]"
2026/04/12_6,L230,1.7,0.28746128,3,"(0, 2]"
2025/09/14_6,J515,2.5,0.28702378,4,"(2, 3]"
2025/12/20_9,J343,3.7,0.28363028,4,"(3, 5]"
2026/03/11_7,J116,3.9,0.28291866,7,"(3, 5]"
2025/07/05_10,J325,5.5,0.28156808,9,"(5, 10]"
2025/12/10_6,K125,5.9,0.2813771,10,"(5, 10]"
2026/04/22_9,K056,3.4,0.2798037,2,"(3, 5]"
2025/09/28_10,K153,2.5,0.27975547,2,"(2, 3]"
2026/04/26_8,K489,3.4,0.27957514,3,"(3, 5]"
2026/05/09_4,L159,4.4,0.2788249,2,"(3, 5]"
2026/06/03_3,K515,8.8,0.27861974,10,"(5, 10]"
2025/07/16_9,J317,5.5,0.2778081,6,"(5, 10]"
2026/02/11_2,J304,3.3,0.27697125,4,"(3, 5]"
2026/04/15_1,J338,6.0,0.27614295,7,"(5, 10]"
2026/06/13_11,K400,3.9,0.27543864,5,"(3, 5]"
2026/01/25_11,J260,5.9,0.27493867,5,"(5, 10]"
2025/12/03_7,K010,1.8,0.2740287,5,"(0, 2]"
2026/02/14_9,L155,2.5,0.27402842,7,"(2, 3]"
2026/03/11_4,K039,6.9,0.2734122,7,"(5, 10]"
2026/07/04_7,L233,3.0,0.2733641,3,"(2, 3]"
2026/05/09_11,K218,4.7,0.27321693,6,"(3, 5]"
2025/11/05_8,J490,2.7,0.2724795,10,"(2, 3]"
2026/03/11_5,J490,2.9,0.27140555,6,"(2, 3]"
2026/07/01_11,L310,3.8,0.27106103,3,"(3, 5]"
2026/02/04_3,H474,14.0,0.27022287,6,"(10, 100]"
2026/04/08_7,K054,2.2,0.2685865,2,"(2, 3]"
2025/09/14_8,K320,2.4,0.26830956,4,"(2, 3]"
2026/05/27_9,K485,2.9,0.26680297,4,"(2, 3]"
2026/01/11_9,K098,3.9,0.26664412,6,"(3, 5]"
2025/11/09_3,H475,1.7,0.2653954,4,"(0, 2]"
2025/12/23_4,J116,2.3,0.26414835,3,"(2, 3]"
2026/04/12_5,L106,4.5,0.26346382,5,"(3, 5]"
2025/11/26_7,K444,2.0,0.26324266,8,"(0, 2]"
2025/07/01_8,J463,7.1,0.26228827,3,"(5, 10]"
2026/04/08_9,J360,2.9,0.26216444,8,"(2, 3]"
2026/04/15_4,H324,6.1,0.26212445,4,"(5, 10]"
2026/07/08_2,K127,3.0,0.26207826,9,"(2, 3]"
2026/04/19_11,H383,6.6,0.26170382,3,"(5, 10]"
2025/12/23_5,H379,6.1,0.26046994,5,"(5, 10]"
2026/06/13_3,J394,4.0,0.26011303,6,"(3, 5]"
2025/10/22_6,J431,5.2,0.25990823,5,"(5, 10]"
2026/02/04_7,K238,4.9,0.25987276,9,"(3, 5]"
2025/10/01_10,J481,3.1,0.25955302,3,"(3, 5]"
2026/07/15_8,J316,5.1,0.25952312,4,"(5, 10]"
2025/12/14_9,K172,4.3,0.25902745,2,"(3, 5]"
2026/07/08_9,J539,4.5,0.25865448,8,"(3, 5]"
2026/04/08_5,J421,2.5,0.25848868,7,"(2, 3]"
2026/04/22_2,J187,3.7,0.258247,4,"(3, 5]"
2026/05/24_11,L230,2.1,0.25711662,4,"(2, 3]"
2026/04/26_2,L024,8.7,0.25623688,3,"(5, 10]"
2026/04/06_8,K312,2.6,0.25599763,3,"(2, 3]"
2025/10/15_8,J285,12.0,0.25553593,12,"(10, 100]"
2026/04/22_7,J431,5.3,0.25493658,2,"(5, 10]"
2025/09/07_6,K395,6.0,0.25445142,7,"(5, 10]"
2025/10/12_10,K511,3.3,0.25443596,8,"(3, 5]"
2026/06/10_6,J366,3.3,0.25320664,3,"(3, 5]"
2025/12/17_2,J159,5.3,0.25208458,4,"(5, 10]"
2026/01/25_9,J343,2.8,0.2520621,3,"(2, 3]"
2026/04/15_9,J503,4.1,0.25172275,3,"(3, 5]"
2026/03/01_4,L099,1.6,0.2504927,3,"(0, 2]"
2026/03/08_9,K312,2.9,0.25026748,3,"(2, 3]"
2026/07/08_7,J465,7.2,0.2501373,3,"(5, 10]"
2026/06/21_10,L373,16.0,0.24961498,6,"(10, 100]"
2025/12/23_3,K112,2.6,0.2495174,4,"(2, 3]"
2026/05/17_11,K400,6.7,0.24942611,3,"(5, 10]"
2026/05/09_10,K554,6.6,0.24929959,2,"(5, 10]"
2026/03/08_8,L088,4.0,0.24861157,4,"(3, 5]"
2025/10/22_5,J098,6.0,0.24857189,3,"(5, 10]"
2026/01/01_9,K008,2.6,0.24817498,2,"(2, 3]"
2026/07/08_3,L260,3.3,0.24783576,2,"(3, 5]"
2025/07/01_4,K334,2.0,0.24698016,6,"(0, 2]"
2025/12/20_10,J444,3.0,0.24669462,3,"(2, 3]"
2026/01/14_3,K417,2.8,0.24646692,8,"(2, 3]"
2025/07/16_1,H430,3.4,0.2460983,7,"(3, 5]"
2026/03/18_9,J514,2.5,0.24511866,3,"(2, 3]"
2026/07/12_5,K334,3.2,0.24499969,3,"(3, 5]"
2026/03/22_3,L155,6.5,0.24467197,7,"(5, 10]"
2026/07/15_4,K041,7.2,0.24452941,2,"(5, 10]"
2025/11/15_10,J514,6.8,0.24340628,3,"(5, 10]"
2025/12/27_10,K317,2.1,0.24254756,2,"(2, 3]"
2026/04/06_5,L232,3.0,0.2425056,6,"(2, 3]"
2026/03/04_9,K057,3.4,0.24225082,4,"(3, 5]"
2026/03/15_4,L270,2.9,0.24174725,7,"(2, 3]"
2025/11/30_10,K491,3.9,0.24111752,2,"(3, 5]"
2026/04/01_6,K409,3.5,0.24019744,5,"(3, 5]"
2026/06/03_2,J345,4.2,0.23995736,5,"(3, 5]"
2025/09/07_8,J358,2.9,0.2399411,4,"(2, 3]"
2026/06/07_11,K489,5.0,0.23882528,7,"(3, 5]"
2025/10/15_6,K320,3.1,0.23810065,3,"(3, 5]"
2025/11/30_5,K280,6.1,0.23804457,2,"(5, 10]"
2026/07/04_8,L138,17.0,0.2379666,7,"(10, 100]"
2025/10/08_5,E432,5.9,0.23675632,7,"(5, 10]"
2026/03/15_6,L170,7.7,0.23516932,7,"(5, 10]"
2025/09/17_6,J253,6.1,0.23479946,2,"(5, 10]"
2025/10/15_2,H233,3.0,0.23473246,4,"(2, 3]"
2026/07/12_8,K507,3.8,0.23443103,7,"(3, 5]"
2025/09/14_4,K277,2.5,0.23414323,5,"(2, 3]"
2025/07/05_4,E488,5.0,0.23413925,7,"(3, 5]"
2026/02/19_5,L022,3.1,0.23377167,2,"(3, 5]"
2025/12/20_4,L013,2.4,0.23320588,5,"(2, 3]"
2025/10/26_9,K408,8.6,0.23238459,12,"(5, 10]"
2026/06/13_4,K260,4.5,0.2320644,4,"(3, 5]"
2025/11/02_10,K186,4.4,0.2319186,2,"(3, 5]"
2025/11/30_2,J312,3.1,0.2308108,4,"(3, 5]"
2025/09/28_2,K043,3.9,0.23021552,3,"(3, 5]"
2026/04/12_7,K111,2.2,0.22914413,4,"(2, 3]"
2026/02/04_6,L052,3.5,0.22877397,3,"(3, 5]"
2026/01/01_7,J498,9.7,0.22870837,5,"(5, 10]"
2026/01/18_9,L109,11.0,0.22855753,10,"(10, 100]"
2025/12/17_3,K562,2.3,0.22854191,2,"(2, 3]"
2026/05/27_2,E496,7.2,0.22818802,7,"(5, 10]"
2025/09/28_5,J520,3.1,0.22684576,2,"(3, 5]"
2025/12/03_5,J043,2.3,0.2268236,9,"(2, 3]"
2025/10/19_1,H297,3.2,0.22571413,4,"(3, 5]"
2026/03/25_8,J131,3.9,0.22534513,6,"(3, 5]"
2026/05/17_2,K552,6.3,0.22509372,10,"(5, 10]"
2026/05/03_11,L301,5.5,0.22501539,2,"(5, 10]"
2025/07/16_5,K283,3.2,0.22488065,2,"(3, 5]"
2025/11/09_1,E488,3.3,0.22455852,13,"(3, 5]"
2025/11/26_3,K417,3.8,0.22449332,3,"(3, 5]"
2025/11/12_5,K485,2.3,0.22422133,2,"(2, 3]"
2025/12/23_6,K252,7.7,0.22397727,5,"(5, 10]"
2025/09/17_7,J285,6.9,0.22333437,3,"(5, 10]"
2025/10/04_7,E392,14.0,0.22301921,9,"(10, 100]"
2026/05/06_5,K320,3.3,0.22074369,4,"(3, 5]"
2026/06/27_7,L161,3.3,0.22012481,4,"(3, 5]"
2026/07/12_11,L126,3.9,0.2198479,6,"(3, 5]"
2026/02/08_2,K184,1.9,0.21969725,4,"(0, 2]"
2026/02/25_8,L033,2.9,0.2190489,5,"(2, 3]"
2026/02/11_6,J514,2.0,0.21853703,2,"(0, 2]"
2026/05/13_6,J098,6.3,0.21826427,2,"(5, 10]"
2025/11/23_10,K172,4.5,0.2179333,3,"(3, 5]"
2025/11/19_2,H290,3.8,0.21760075,3,"(3, 5]"
2026/01/21_5,L088,1.5,0.21713051,2,"(0, 2]"
2025/12/07_4,J173,5.8,0.21683621,5,"(5, 10]"
2025/11/23_4,J301,5.3,0.21621658,11,"(5, 10]"
2026/05/31_8,K318,5.7,0.21595843,9,"(5, 10]"
2026/04/26_1,K542,4.8,0.21588503,2,"(3, 5]"
2025/12/27_1,K389,3.1,0.21581571,6,"(3, 5]"
2025/09/28_9,E061,10.0,0.21550365,4,"(5, 10]"
2025/07/16_6,J138,4.9,0.21535967,3,"(3, 5]"
2025/11/30_7,J263,4.5,0.21453218,3,"(3, 5]"
2026/03/25_5,K411,6.9,0.21444768,10,"(5, 10]"
2025/09/10_8,J402,4.9,0.21417181,11,"(3, 5]"
2026/04/06_6,L223,4.0,0.21339856,2,"(3, 5]"
2026/03/25_1,E496,8.6,0.21322124,3,"(5, 10]"
2025/12/20_8,K363,7.4,0.21314773,6,"(5, 10]"
2026/05/20_5,L260,5.3,0.21296449,7,"(5, 10]"
2026/07/01_10,K562,5.8,0.2125754,5,"(5, 10]"
2026/05/03_2,K116,3.1,0.20980583,2,"(3, 5]"
2025/07/05_7,K317,2.6,0.2093079,7,"(2, 3]"
2025/12/17_6,K395,3.1,0.20875141,2,"(3, 5]"
2026/03/15_3,L022,1.8,0.20853704,3,"(0, 2]"
2026/03/25_9,L033,2.7,0.20839232,2,"(2, 3]"
2026/03/15_7,L264,2.7,0.20795988,3,"(2, 3]"
2025/09/28_3,E488,4.2,0.20652632,2,"(3, 5]"
2025/11/19_9,J298,6.3,0.20629866,11,"(5, 10]"
2025/10/01_8,J263,2.8,0.2061389,2,"(2, 3]"
2026/02/14_8,K058,2.9,0.20579624,8,"(2, 3]"
2026/04/12_10,K469,6.5,0.20551187,4,"(5, 10]"
2026/07/01_9,H392,3.5,0.2054629,3,"(3, 5]"
2026/01/04_6,K562,4.2,0.20530947,2,"(3, 5]"
2026/03/22_5,L106,9.2,0.20511867,9,"(5, 10]"
2026/03/01_11,H338,9.7,0.20450369,3,"(5, 10]"
2026/02/22_11,J391,5.8,0.20316868,5,"(5, 10]"
2025/12/14_6,K385,6.5,0.20300566,10,"(5, 10]"
2026/01/07_1,J452,2.4,0.20288838,3,"(2, 3]"
2026/03/11_3,J266,7.8,0.20235994,5,"(5, 10]"
2026/02/01_3,K130,6.5,0.20230985,3,"(5, 10]"
2025/11/26_2,J115,2.4,0.20230314,8,"(2, 3]"
2026/06/24_6,K007,3.4,0.20218058,6,"(3, 5]"
2026/03/22_2,L230,1.7,0.20216814,3,"(0, 2]"
2026/05/17_1,H293,3.3,0.20186381,6,"(3, 5]"
2025/10/22_9,K186,3.2,0.20147644,3,"(3, 5]"
2026/03/18_5,K145,2.1,0.20146112,2,"(2, 3]"
2026/05/17_5,K542,4.8,0.20103507,2,"(3, 5]"
2026/02/04_4,J105,5.8,0.2005496,3,"(5, 10]"
2026/02/19_4,K301,3.7,0.20036137,13,"(3, 5]"
2026/05/20_6,K479,3.7,0.19988726,2,"(3, 5]"
2026/04/12_2,K239,1.9,0.19925113,3,"(0, 2]"
2025/09/17_5,K283,2.9,0.19890326,8,"(2, 3]"
2026/07/15_6,L291,4.3,0.19867356,10,"(3, 5]"
2026/07/01_6,L179,3.2,0.1981547,2,"(3, 5]"
2026/04/15_6,K548,3.1,0.1976831,5,"(3, 5]"
2025/11/02_4,K411,3.5,0.19760059,3,"(3, 5]"
2026/02/19_7,K016,5.1,0.1967743,7,"(5, 10]"
2026/05/13_9,H380,13.0,0.1965634,8,"(10, 100]"
2026/04/19_7,J039,2.8,0.19606443,2,"(2, 3]"
2026/03/04_1,G312,5.4,0.19604085,10,"(5, 10]"
2026/06/07_6,L044,9.2,0.19505134,8,"(5, 10]"
2026/02/19_2,K040,2.1,0.19497256,2,"(2, 3]"
2026/07/15_2,L061,11.0,0.19472472,7,"(10, 100]"
2026/04/29_3,J463,2.6,0.1943819,6,"(2, 3]"
2026/02/25_2,J362,2.3,0.1937471,2,"(2, 3]"
2026/05/31_5,K107,23.0,0.1921702,5,"(10, 100]"
2026/03/01_6,K238,6.2,0.19202706,5,"(5, 10]"
2025/09/17_2,J345,2.7,0.19195229,6,"(2, 3]"
2026/04/29_4,L022,2.8,0.19181447,3,"(2, 3]"
2025/11/15_1,L007,1.6,0.19170402,4,"(0, 2]"
2025/07/09_7,J490,6.1,0.19165377,2,"(5, 10]"
2026/03/15_8,K012,2.7,0.19163214,2,"(2, 3]"
2026/06/10_4,L260,8.7,0.19095635,2,"(5, 10]"
2026/03/08_11,K245,1.8,0.19070977,2,"(0, 2]"
2025/10/04_5,K043,3.9,0.18976139,11,"(3, 5]"
2025/09/17_4,K093,3.8,0.18926902,5,"(3, 5]"
2025/07/13_3,K038,3.4,0.1891071,7,"(3, 5]"
2026/07/01_5,K168,10.0,0.18864033,5,"(5, 10]"
2026/05/27_1,J480,3.7,0.18836844,3,"(3, 5]"
2025/11/09_5,H439,7.4,0.18822904,7,"(5, 10]"
2025/12/20_3,J037,2.9,0.18764713,8,"(2, 3]"
2025/07/13_8,J208,4.8,0.18757975,8,"(3, 5]"
2026/06/21_2,J309,4.0,0.18752512,2,"(3, 5]"
2026/04/08_3,L260,6.4,0.18744172,2,"(5, 10]"
2025/10/19_9,K172,5.3,0.18728712,2,"(5, 10]"
2026/02/11_8,J490,16.0,0.18709084,4,"(10, 100]"
2026/01/07_3,J509,2.1,0.18708566,2,"(2, 3]"
2025/12/17_9,K153,2.2,0.1868113,10,"(2, 3]"
2026/02/04_1,K301,6.5,0.18650769,2,"(5, 10]"
2026/05/09_5,L281,2.8,0.18649922,9,"(2, 3]"
2026/01/14_2,K039,6.6,0.1862841,5,"(5, 10]"
2025/09/14_9,K169,5.7,0.18616223,9,"(5, 10]"
2025/12/07_3,K388,11.0,0.18584527,6,"(10, 100]"
2026/02/01_6,L003,2.6,0.18578131,3,"(2, 3]"
2025/10/12_6,K062,4.8,0.18564199,5,"(3, 5]"
2026/04/08_4,J384,3.9,0.18548088,2,"(3, 5]"
2026/01/04_5,J173,5.3,0.1854735,4,"(5, 10]"
2026/07/04_2,J187,1.8,0.18537979,3,"(0, 2]"
2026/03/04_4,J511,5.4,0.18521012,4,"(5, 10]"
2026/05/09_7,J451,10.0,0.18485102,14,"(5, 10]"
2026/03/08_3,K409,2.5,0.18475747,5,"(2, 3]"
2025/12/10_3,K305,3.6,0.18459937,9,"(3, 5]"
2025/11/15_5,K105,5.6,0.18459533,4,"(5, 10]"
2025/10/19_3,K155,3.7,0.1844079,7,"(3, 5]"
2026/06/13_8,J454,4.1,0.18423286,6,"(3, 5]"
2026/01/18_6,K006,3.8,0.18376848,6,"(3, 5]"
2025/11/12_3,K444,4.0,0.18367474,4,"(3, 5]"
2026/04/12_11,J363,7.5,0.18356253,11,"(5, 10]"
2025/09/17_8,H418,9.8,0.18350087,6,"(5, 10]"
2025/11/23_3,K416,7.2,0.18348671,12,"(5, 10]"
2026/06/07_4,L211,8.4,0.18295349,3,"(5, 10]"
2026/01/28_3,J181,5.6,0.18269421,5,"(5, 10]"
2026/06/24_8,K283,9.5,0.18242909,2,"(5, 10]"
2026/02/22_2,K451,3.4,0.18239982,5,"(3, 5]"
2025/07/09_5,G307,12.0,0.18235755,5,"(10, 100]"
2026/04/01_1,J037,3.6,0.1822306,10,"(3, 5]"
2025/12/17_8,L052,3.8,0.18153211,6,"(3, 5]"
2025/10/30_8,J239,2.8,0.18129358,10,"(2, 3]"
2026/05/20_9,L003,7.1,0.18103613,12,"(5, 10]"
2026/04/12_4,K318,2.1,0.18035506,5,"(2, 3]"
2026/06/27_5,H120,5.7,0.18017441,6,"(5, 10]"
2026/05/13_1,J269,4.4,0.17989376,10,"(3, 5]"
2026/04/06_10,K350,2.5,0.17957926,2,"(2, 3]"
2026/07/04_6,K297,3.1,0.17915276,11,"(3, 5]"
2025/12/27_6,K074,5.4,0.17869252,14,"(5, 10]"
2025/12/17_5,K017,2.4,0.17824487,8,"(2, 3]"
2026/02/01_9,K438,4.7,0.17814589,3,"(3, 5]"
2025/12/10_2,J403,2.7,0.17790268,2,"(2, 3]"
2026/02/25_7,K511,5.6,0.1778441,8,"(5, 10]"
2026/07/01_7,L041,4.0,0.17777328,2,"(3, 5]"
2026/01/11_11,L028,5.9,0.17765267,4,"(5, 10]"
2026/02/19_6,J481,2.0,0.17744456,2,"(0, 2]"
2025/10/08_1,H034,5.8,0.17664388,6,"(5, 10]"
2025/10/08_2,H066,8.4,0.1756371,11,"(5, 10]"
2026/02/22_7,K586,8.8,0.17527442,12,"(5, 10]"
2026/05/13_5,J509,2.8,0.17483203,3,"(2, 3]"
2026/02/25_9,J490,9.1,0.17465441,2,"(5, 10]"
2026/02/04_2,J484,3.3,0.1742993,6,"(3, 5]"
2026/06/10_7,K398,3.2,0.17429613,7,"(3, 5]"
2026/05/20_3,L142,7.3,0.17417571,5,"(5, 10]"
2025/12/14_10,H008,14.0,0.1741201,14,"(10, 100]"
2025/10/01_4,J515,16.0,0.17404008,9,"(10, 100]"
2026/02/22_10,J260,6.4,0.17403965,7,"(5, 10]"
2025/12/10_1,H273,4.8,0.17378555,2,"(3, 5]"
2026/02/14_7,H411,4.9,0.17360936,7,"(3, 5]"
2026/01/28_9,K320,5.2,0.1733509,3,"(5, 10]"
2026/01/28_2,G250,7.5,0.17323151,12,"(5, 10]"
2026/03/04_6,K320,7.2,0.17303419,6,"(5, 10]"
2025/12/03_3,J452,3.1,0.17296393,2,"(3, 5]"
2026/05/24_1,K138,16.0,0.17291453,4,"(10, 100]"
2026/05/27_7,K007,4.5,0.17268302,4,"(3, 5]"
2026/04/22_8,L172,8.9,0.17263912,9,"(5, 10]"
2025/12/17_7,J253,7.2,0.17245758,4,"(5, 10]"
2025/07/09_3,J159,14.0,0.17195277,4,"(10, 100]"
2026/06/03_7,J060,8.2,0.17191571,8,"(5, 10]"
2025/11/26_8,K386,4.2,0.17189863,5,"(3, 5]"
2025/11/30_6,J157,4.8,0.17172198,4,"(3, 5]"
2026/01/25_1,K175,6.7,0.17131689,2,"(5, 10]"
2026/06/27_6,L233,7.7,0.17123634,2,"(5, 10]"
2026/05/20_7,K054,5.4,0.17102282,6,"(5, 10]"
2026/03/08_6,L142,3.4,0.17064352,7,"(3, 5]"
2025/11/02_2,K136,4.2,0.17060715,5,"(3, 5]"
2025/11/23_1,K294,6.9,0.16980347,2,"(5, 10]"
2026/05/17_9,K215,6.9,0.16963252,9,"(5, 10]"
2025/11/19_3,H403,1.7,0.16950811,11,"(0, 2]"
2026/01/18_10,K245,1.7,0.16924568,2,"(0, 2]"
2026/01/01_2,K040,2.6,0.16859654,6,"(2, 3]"
2026/05/13_4,J384,5.6,0.16846548,12,"(5, 10]"
2026/05/03_7,K184,3.0,0.16835357,3,"(2, 3]"
2026/02/25_4,L045,9.1,0.16817795,6,"(5, 10]"
2025/10/26_1,J529,4.5,0.16816644,4,"(3, 5]"
2026/03/04_7,K162,3.2,0.16798286,3,"(3, 5]"
2026/04/01_7,J499,3.0,0.16761978,7,"(2, 3]"
2026/03/29_7,L142,5.1,0.16755567,3,"(5, 10]"
2026/07/08_5,K548,14.0,0.16740409,12,"(10, 100]"
2025/12/20_2,J223,2.9,0.16737899,6,"(2, 3]"
2026/04/12_9,H161,6.6,0.1672783,2,"(5, 10]"
2026/04/01_3,J200,2.2,0.16712844,5,"(2, 3]"
2026/01/21_7,J510,8.2,0.16693288,2,"(5, 10]"
2025/12/17_4,K006,3.1,0.16689762,5,"(3, 5]"
2026/03/22_1,K559,2.8,0.1663519,5,"(2, 3]"
2026/06/13_5,K409,4.1,0.16604453,11,"(3, 5]"
2026/01/07_9,J364,8.2,0.16578285,8,"(5, 10]"
2025/07/01_10,K062,5.1,0.16574423,3,"(5, 10]"
2026/03/11_2,H459,2.2,0.16533561,3,"(2, 3]"
2025/10/15_1,H290,2.0,0.16512531,2,"(0, 2]"
2025/12/07_8,K168,5.1,0.16490747,4,"(5, 10]"
2025/07/01_2,K485,4.7,0.16422059,3,"(3, 5]"
2026/02/08_7,K363,8.6,0.1637822,4,"(5, 10]"
2025/09/17_3,H066,5.9,0.1635451,12,"(5, 10]"
2026/01/11_4,H475,4.8,0.16310129,3,"(3, 5]"
2026/01/25_4,L013,2.3,0.1630954,2,"(2, 3]"
2026/07/08_8,J260,9.1,0.16299209,12,"(5, 10]"
2026/05/17_8,K260,4.2,0.16291392,3,"(3, 5]"
2025/11/19_4,J131,5.8,0.16249849,6,"(5, 10]"
2026/06/07_8,K552,11.0,0.16205396,9,"(10, 100]"
2026/02/08_6,L106,3.2,0.1619066,3,"(3, 5]"
2026/01/14_1,J338,4.1,0.16186495,7,"(3, 5]"
2026/01/04_1,K143,4.0,0.1616812,5,"(3, 5]"
2026/01/21_6,J058,3.5,0.16163687,7,"(3, 5]"
2026/05/09_2,L278,8.5,0.16157837,7,"(5, 10]"
2025/11/12_8,K226,3.0,0.16154553,6,"(2, 3]"
2026/05/27_3,K428,2.5,0.16120595,2,"(2, 3]"
2025/10/30_3,J099,13.0,0.16101842,9,"(10, 100]"
2026/06/24_2,K028,6.3,0.16085476,2,"(5, 10]"
2026/06/07_2,K239,2.9,0.16059715,2,"(2, 3]"
2025/11/09_4,K319,4.0,0.16049016,6,"(3, 5]"
2025/07/09_8,K085,3.7,0.16041704,3,"(3, 5]"
2025/09/10_3,J071,11.0,0.16029556,6,"(10, 100]"
2025/12/27_7,J510,7.6,0.16017412,6,"(5, 10]"
2025/07/09_1,H046,2.8,0.16012575,2,"(2, 3]"
2026/03/29_6,H475,4.8,0.15982708,3,"(3, 5]"
2026/03/29_4,L396,4.3,0.15918219,7,"(3, 5]"
2025/09/07_7,J359,11.0,0.15909843,10,"(10, 100]"
2026/02/11_7,J487,3.2,0.15908982,2,"(3, 5]"
2026/02/11_4,J362,4.0,0.15891354,2,"(3, 5]"
2026/03/29_5,L328,13.0,0.15879975,7,"(10, 100]"
2026/02/25_5,K322,7.1,0.1583916,2,"(5, 10]"
2026/07/12_10,K400,13.0,0.15830316,10,"(10, 100]"
2026/01/01_4,H108,2.9,0.15792373,2,"(2, 3]"
2025/11/02_5,K325,5.2,0.15772493,3,"(5, 10]"
2026/05/31_10,K554,5.4,0.15742055,4,"(5, 10]"
2026/06/21_3,L341,3.2,0.15642971,2,"(3, 5]"
2025/11/26_1,J345,5.0,0.15609446,10,"(3, 5]"
2026/02/08_3,K400,6.4,0.15599178,2,"(5, 10]"
2026/01/28_7,J417,5.2,0.15567979,3,"(5, 10]"
2026/03/18_3,J299,3.9,0.15548496,2,"(3, 5]"
2026/03/01_2,K364,2.9,0.15542884,2,"(2, 3]"
2025/10/04_2,H475,3.0,0.1553923,2,"(2, 3]"
2026/06/24_5,H356,4.3,0.15516824,2,"(3, 5]"
2025/09/10_2,J193,3.4,0.15500852,3,"(3, 5]"
2026/03/01_1,K444,7.1,0.15490685,3,"(5, 10]"
2025/12/07_7,H283,14.0,0.15478738,5,"(10, 100]"
2026/01/18_5,L050,4.4,0.15458466,7,"(3, 5]"
2025/10/22_1,J071,2.4,0.15455256,4,"(2, 3]"
2026/01/18_3,L003,3.6,0.15453415,4,"(3, 5]"
2025/07/13_10,J320,6.3,0.15441084,4,"(5, 10]"
2026/05/31_11,L428,24.0,0.15439941,13,"(10, 100]"
2025/10/22_4,J498,5.3,0.15435109,10,"(5, 10]"
2026/07/15_1,G312,7.5,0.15426676,5,"(5, 10]"
2025/11/26_5,J267,6.4,0.15415372,9,"(5, 10]"
2025/10/15_7,H418,5.4,0.15399651,2,"(5, 10]"
2026/04/08_1,J344,5.7,0.15399258,8,"(5, 10]"
2025/10/01_1,H419,5.1,0.15394656,8,"(5, 10]"
2026/01/04_3,J383,2.6,0.15385424,10,"(2, 3]"
2025/11/26_4,G471,4.2,0.15379727,2,"(3, 5]"
2025/11/09_8,J273,4.7,0.15375677,4,"(3, 5]"
2025/09/14_2,J037,2.1,0.15355164,3,"(2, 3]"
2025/09/17_1,K106,7.8,0.152889,2,"(5, 10]"
2026/03/11_1,J002,19.0,0.15232566,9,"(10, 100]"
2025/11/15_2,H106,8.4,0.15209126,4,"(5, 10]"
2026/03/18_2,J384,3.2,0.1517761,5,"(3, 5]"
2025/12/03_1,J159,10.0,0.15152706,2,"(5, 10]"
2026/03/08_2,K138,7.9,0.15092179,2,"(5, 10]"
2025/11/19_7,H233,6.4,0.15067624,4,"(5, 10]"
2025/12/17_1,J452,3.2,0.15065056,3,"(3, 5]"
2026/04/29_6,J384,9.4,0.15047228,2,"(5, 10]"
2026/02/01_2,K138,12.0,0.1504017,5,"(10, 100]"
2025/10/08_7,J513,7.0,0.15035185,3,"(5, 10]"
2026/05/17_7,K355,3.3,0.15027253,5,"(3, 5]"
2026/07/15_9,L121,5.8,0.15020996,3,"(5, 10]"
2026/04/19_3,K552,3.3,0.15016289,3,"(3, 5]"
2026/03/15_1,H234,4.5,0.15010627,2,"(3, 5]"
2026/06/24_1,J392,6.6,0.14994107,7,"(5, 10]"
2026/05/31_2,L179,2.7,0.149794,3,"(2, 3]"
2026/03/08_7,K131,3.7,0.1488532,6,"(3, 5]"
2026/02/01_1,L210,1.5,0.14877602,9,"(0, 2]"
2026/04/06_2,K189,3.4,0.1484953,6,"(3, 5]"
2025/12/07_6,K175,11.0,0.14788023,5,"(10, 100]"
2025/09/28_6,J541,15.0,0.14784405,6,"(10, 100]"
2026/04/15_2,J269,3.3,0.1477557,6,"(3, 5]"
2025/07/09_4,J545,9.3,0.14766403,5,"(5, 10]"
2026/01/07_5,K323,12.0,0.14760253,9,"(10, 100]"
2025/07/05_6,J312,4.7,0.14744774,2,"(3, 5]"
2025/09/10_6,H481,3.2,0.14706437,8,"(3, 5]"
2026/05/03_1,K150,2.5,0.14665285,8,"(2, 3]"
2026/01/28_4,J071,4.0,0.1463442,8,"(3, 5]"
2026/04/01_4,K049,8.5,0.14558004,5,"(5, 10]"
2025/11/15_6,J510,4.4,0.14515592,5,"(3, 5]"
2025/09/10_4,J098,22.0,0.14514707,5,"(10, 100]"
2025/12/23_8,J417,4.8,0.14461173,4,"(3, 5]"
2025/11/19_8,J405,10.0,0.14453322,10,"(5, 10]"
2026/05/03_3,J176,3.6,0.14453161,6,"(3, 5]"
2025/09/14_1,H475,2.3,0.14394914,2,"(2, 3]"
2025/11/02_3,J227,7.1,0.14378409,5,"(5, 10]"
2025/12/03_2,H296,4.1,0.14369914,7,"(3, 5]"
2026/02/25_6,K003,2.6,0.14358087,4,"(2, 3]"
2026/01/18_1,H011,5.2,0.14305274,4,"(5, 10]"
2026/07/12_6,J043,8.1,0.14283623,12,"(5, 10]"
2025/12/23_7,J373,7.1,0.14259668,2,"(5, 10]"
2026/03/22_10,K130,38.0,0.14219365,4,"(10, 100]"
2025/12/23_1,J304,4.3,0.1420553,2,"(3, 5]"
2025/10/26_2,L007,12.0,0.14173785,2,"(10, 100]"
2026/05/06_4,J183,4.5,0.1416977,2,"(3, 5]"
2026/06/10_3,J043,3.3,0.14147353,12,"(3, 5]"
2026/05/17_6,K363,5.1,0.14136976,3,"(5, 10]"
2026/05/24_9,K491,3.9,0.14134298,6,"(3, 5]"
2026/04/12_3,K138,6.4,0.14126174,13,"(5, 10]"
2026/04/29_7,K227,3.2,0.14119074,3,"(3, 5]"
2025/09/14_3,J099,4.3,0.14100541,8,"(3, 5]"
2026/07/04_11,L373,5.2,0.14075314,3,"(5, 10]"
2025/10/15_4,J253,10.0,0.14061098,3,"(5, 10]"
2026/07/12_3,L270,5.2,0.14048652,8,"(5, 10]"
2026/03/29_3,K160,6.5,0.14035368,4,"(5, 10]"
2026/01/18_7,K444,6.3,0.1401337,3,"(5, 10]"
2026/03/01_10,K564,6.2,0.14012897,4,"(5, 10]"
2025/11/12_4,J098,4.9,0.13991405,4,"(3, 5]"
2026/07/04_3,H283,4.1,0.13963836,4,"(3, 5]"
2026/06/21_11,J421,8.8,0.139476,5,"(5, 10]"
2025/10/01_9,K234,2.4,0.13937551,5,"(2, 3]"
2026/02/11_1,J332,5.9,0.13902435,2,"(5, 10]"
2026/05/24_6,K101,3.6,0.13891456,9,"(3, 5]"
2026/06/03_9,K084,13.0,0.13889842,2,"(10, 100]"
2026/02/01_7,K341,2.8,0.13847485,6,"(2, 3]"
2026/03/04_2,J037,5.0,0.13827166,2,"(3, 5]"
2026/04/19_6,J123,15.0,0.1381887,12,"(10, 100]"
2026/03/15_5,J123,6.1,0.13801876,2,"(5, 10]"
2025/10/30_7,J232,6.1,0.13791737,3,"(5, 10]"
2025/10/30_5,J359,34.0,0.13769087,7,"(10, 100]"
2026/01/07_4,J181,4.2,0.1374358,3,"(3, 5]"
2025/10/04_8,J136,4.7,0.13738284,2,"(3, 5]"
2025/10/26_4,J447,4.1,0.13736288,10,"(3, 5]"
2025/11/30_3,J099,12.0,0.13726391,10,"(10, 100]"
2026/07/04_5,J231,15.0,0.13724765,2,"(10, 100]"
2025/11/12_1,J115,3.3,0.13720761,3,"(3, 5]"
2026/02/08_9,J157,7.8,0.13705438,7,"(5, 10]"
2025/10/04_1,J187,20.0,0.1369406,11,"(10, 100]"
2026/03/18_7,J537,8.1,0.13655815,4,"(5, 10]"
2026/01/18_4,K152,10.0,0.13648812,7,"(5, 10]"
2025/12/07_2,J309,7.7,0.13648684,8,"(5, 10]"
2026/05/24_5,K498,3.4,0.13644646,4,"(3, 5]"
2026/04/01_5,J123,4.1,0.13638276,7,"(3, 5]"
2026/01/25_7,H273,5.6,0.13630138,5,"(5, 10]"
2026/02/19_3,K062,12.0,0.13629055,2,"(10, 100]"
2026/04/19_4,K416,3.8,0.1362695,2,"(3, 5]"
2026/05/24_3,L233,3.9,0.13619912,8,"(3, 5]"
2026/06/27_1,J308,6.5,0.13613938,12,"(5, 10]"
2026/01/18_2,L068,3.5,0.13612907,3,"(3, 5]"
2026/02/01_10,H334,14.0,0.13602576,14,"(10, 100]"
2025/11/23_2,J315,4.6,0.13593888,2,"(3, 5]"
2025/09/07_5,K420,15.0,0.13565722,13,"(10, 100]"
2026/06/10_2,H324,7.2,0.13517088,5,"(5, 10]"
2026/06/24_3,J384,6.3,0.13510941,2,"(5, 10]"
2026/02/14_10,L153,4.8,0.13491549,6,"(3, 5]"
2026/04/19_8,L117,2.7,0.13491313,7,"(2, 3]"
2026/05/03_5,K410,9.6,0.13461697,13,"(5, 10]"
2026/02/19_1,K189,3.6,0.13461134,2,"(3, 5]"
2026/05/06_2,K049,5.3,0.13449228,9,"(5, 10]"
2026/02/25_1,H144,8.4,0.13440017,7,"(5, 10]"
2026/01/25_5,K389,2.5,0.13434307,6,"(2, 3]"
2026/03/11_8,L052,7.4,0.13394901,7,"(5, 10]"
2026/06/13_9,J540,4.2,0.13344057,5,"(3, 5]"
2026/01/21_8,J531,14.0,0.13330796,8,"(10, 100]"
2026/01/04_9,H395,3.8,0.1332407,2,"(3, 5]"
2026/04/08_2,L093,5.5,0.13294628,10,"(5, 10]"
2026/02/22_4,K227,1.5,0.13257764,2,"(0, 2]"
2025/11/05_6,J463,4.7,0.13253531,6,"(3, 5]"
2026/07/01_1,K028,6.9,0.13244927,2,"(5, 10]"
2026/07/01_3,J451,7.6,0.1323696,6,"(5, 10]"
2025/07/09_2,E273,6.9,0.13225919,12,"(5, 10]"
2025/11/12_6,H325,16.0,0.13225022,6,"(10, 100]"
2026/03/15_9,L118,17.0,0.13179238,13,"(10, 100]"
2026/02/14_4,K398,2.6,0.13115266,2,"(2, 3]"
2026/05/31_6,J463,5.5,0.13090853,4,"(5, 10]"
2026/03/18_4,K479,2.9,0.13060357,2,"(2, 3]"
2025/10/12_3,J383,2.7,0.1304441,4,"(2, 3]"
2025/07/01_3,J446,3.4,0.13041818,8,"(3, 5]"
2026/06/13_10,K192,7.7,0.13035475,2,"(5, 10]"
2026/01/07_6,J290,3.2,0.13020076,5,"(3, 5]"
2025/10/08_6,K176,4.9,0.12978844,6,"(3, 5]"
2026/02/14_5,K037,8.6,0.12964393,5,"(5, 10]"
2025/07/16_2,J116,4.1,0.12943307,2,"(3, 5]"
2026/05/06_8,H161,6.3,0.12909736,3,"(5, 10]"
2025/10/30_2,J309,3.8,0.12884402,3,"(3, 5]"
2026/01/14_4,K343,9.2,0.12879282,2,"(5, 10]"
2025/10/26_5,H442,14.0,0.12872025,12,"(10, 100]"
2026/05/06_7,J499,7.4,0.1279299,3,"(5, 10]"
2026/02/08_5,K215,5.8,0.1278055,6,"(5, 10]"
2026/01/18_8,J280,6.7,0.12776004,5,"(5, 10]"
2025/11/15_3,H296,5.5,0.12774359,3,"(5, 10]"
2026/04/26_10,K341,7.1,0.12682493,11,"(5, 10]"
2026/04/06_3,K547,5.4,0.12674884,4,"(5, 10]"
2026/06/07_7,L270,8.4,0.12625353,8,"(5, 10]"
2026/05/03_9,K564,6.0,0.12611301,2,"(5, 10]"
2026/05/27_4,L325,7.3,0.12543084,12,"(5, 10]"
2026/03/25_6,K132,6.0,0.12535734,3,"(5, 10]"
2025/10/04_3,J080,6.2,0.12403089,5,"(5, 10]"
2025/10/30_6,J080,10.0,0.12390176,8,"(5, 10]"
2026/04/15_8,K081,15.0,0.12347347,9,"(10, 100]"
2026/06/21_4,K105,5.9,0.12266651,2,"(5, 10]"
2026/01/01_5,K387,8.7,0.122475676,13,"(5, 10]"
2025/10/12_1,H385,10.0,0.122425914,9,"(5, 10]"
2026/05/06_6,J200,5.0,0.12169615,5,"(3, 5]"
2026/04/29_1,J331,3.6,0.121662244,4,"(3, 5]"
2026/05/13_2,G465,5.4,0.121350676,2,"(5, 10]"
2026/06/27_3,K134,2.3,0.12052653,5,"(2, 3]"
2026/05/17_3,K049,9.5,0.11979917,3,"(5, 10]"
2026/03/22_8,K564,6.1,0.1194581,10,"(5, 10]"
2026/03/29_11,K033,3.1,0.11924946,2,"(3, 5]"
2025/07/13_6,K321,11.0,0.11914247,9,"(10, 100]"
2026/06/27_8,H294,23.0,0.118852414,10,"(10, 100]"
2026/05/03_4,K134,7.6,0.11875317,9,"(5, 10]"
2026/05/09_9,K235,6.9,0.11852417,10,"(5, 10]"
2026/04/26_4,L021,45.0,0.11777545,10,"(10, 100]"
2026/06/10_1,J213,8.9,0.11766367,7,"(5, 10]"
2025/07/16_4,J135,10.0,0.117523536,11,"(5, 10]"
2025/11/15_9,J279,4.7,0.11735247,2,"(3, 5]"
2026/01/11_3,H028,7.2,0.11633067,4,"(5, 10]"
2026/02/01_5,K040,12.0,0.11625238,2,"(10, 100]"
2025/10/30_1,K101,8.8,0.115768775,12,"(5, 10]"
2026/06/21_8,K031,2.7,0.115592554,12,"(2, 3]"
2025/10/22_3,K189,6.8,0.11514351,5,"(5, 10]"
2026/02/04_5,K355,2.5,0.11496946,3,"(2, 3]"
2026/01/21_9,K190,3.9,0.11451797,3,"(3, 5]"
2026/01/11_6,K178,10.0,0.114485875,5,"(5, 10]"
2025/07/01_6,K134,5.7,0.114385426,13,"(5, 10]"
2026/02/08_4,J383,15.0,0.11424236,7,"(10, 100]"
2025/10/01_5,G463,8.4,0.113581374,8,"(5, 10]"
2025/12/27_2,L068,8.7,0.11295189,4,"(5, 10]"
2026/01/11_5,L022,7.6,0.11291448,3,"(5, 10]"
2026/01/28_8,K156,4.5,0.11276784,2,"(3, 5]"
2026/01/01_1,H002,7.7,0.112182155,7,"(5, 10]"
2026/01/04_4,H283,24.0,0.111673184,8,"(10, 100]"
2026/05/17_10,L155,23.0,0.111630514,10,"(10, 100]"
2025/07/13_4,J210,9.6,0.110877976,11,"(5, 10]"
2026/04/01_2,K059,5.7,0.10955873,4,"(5, 10]"
2025/07/16_3,J345,11.0,0.10920809,7,"(10, 100]"
2026/06/07_5,K190,3.5,0.10757258,13,"(3, 5]"
2026/04/22_3,L093,10.0,0.10734469,8,"(5, 10]"
2026/04/19_1,H234,6.6,0.10682092,5,"(5, 10]"
2026/04/01_9,J136,4.6,0.1060546,2,"(3, 5]"
2026/02/19_9,L110,10.0,0.10505573,14,"(5, 10]"
2025/11/09_2,K529,3.4,0.10476379,4,"(3, 5]"
2026/01/21_1,K138,12.0,0.10436696,6,"(10, 100]"
2026/06/13_2,H252,5.9,0.10335353,2,"(5, 10]"
2026/05/24_7,K341,9.3,0.10174529,8,"(5, 10]"
2025/12/14_2,K201,4.8,0.10139959,3,"(3, 5]"
2025/11/19_1,K361,7.8,0.09922946,12,"(5, 10]"
2025/12/27_9,J279,9.9,0.098739,5,"(5, 10]"
2026/03/29_1,G250,9.9,0.097836986,3,"(5, 10]"
2026/06/27_4,K252,4.9,0.09722106,3,"(3, 5]"
2025/12/27_3,K129,3.3,0.09719267,2,"(3, 5]"
2025/07/09_6,H405,8.6,0.0958919,11,"(5, 10]"
2026/02/08_1,J065,7.3,0.09571639,8,"(5, 10]"
2026/07/01_2,J535,6.8,0.09521817,3,"(5, 10]"
2025/09/07_1,H108,3.5,0.095059454,2,"(3, 5]"
2026/01/01_6,J231,11.0,0.09395671,3,"(10, 100]"
2025/09/14_10,H276,36.0,0.091418415,13,"(10, 100]"
2025/11/19_6,K067,16.0,0.08575524,3,"(10, 100]"
2026/01/21_2,J255,7.2,0.08304027,11,"(5, 10]"
