"filename", "language", "Python", "pip requirements", "toml", "comment", "blank", "total"
"d:\git-repos\hkjc-quant-model\cleaners\__init__.py", "Python", 0, 0, 0, 0, 1, 1
"d:\git-repos\hkjc-quant-model\cleaners\cleaner_pipeline.py", "Python", 35, 0, 0, 1, 11, 47
"d:\git-repos\hkjc-quant-model\cleaners\horses_cleaner.py", "Python", 0, 0, 0, 0, 1, 1
"d:\git-repos\hkjc-quant-model\cleaners\races_cleaner.py", "Python", 254, 0, 0, 14, 33, 301
"d:\git-repos\hkjc-quant-model\cleaners\races_sectional_cleaner.py", "Python", 305, 0, 0, 41, 53, 399
"d:\git-repos\hkjc-quant-model\cleaners\sectional_cleaner.py", "Python", 142, 0, 0, 1, 22, 165
"d:\git-repos\hkjc-quant-model\cli.py", "Python", 140, 0, 0, 15, 27, 182
"d:\git-repos\hkjc-quant-model\config\settings.py", "Python", 3, 0, 0, 0, 1, 4
"d:\git-repos\hkjc-quant-model\data\data_cleaning_flatten.py", "Python", -159, 0, 0, -5, -18, -182
"d:\git-repos\hkjc-quant-model\data\data_cleaning_normalized.py", "Python", -296, 0, 0, -39, -52, -387
"d:\git-repos\hkjc-quant-model\data\data_cleaning_normalized_horses.py", "Python", -102, 0, 0, -2, -13, -117
"d:\git-repos\hkjc-quant-model\data\data_cleaning_normalized_races.py", "Python", -67, 0, 0, -5, -15, -87
"d:\git-repos\hkjc-quant-model\database\db_manager.py", "Python", 24, 0, 0, 3, 4, 31
"d:\git-repos\hkjc-quant-model\main.py", "Python", 0, 0, 0, 0, -1, -1
"d:\git-repos\hkjc-quant-model\pyproject.toml", "toml", 0, 0, 6, 0, 2, 8
"d:\git-repos\hkjc-quant-model\requirements.txt", "pip requirements", 0, 136, 0, 0, 0, 136
"d:\git-repos\hkjc-quant-model\scraper\hook.py", "Python", 6, 0, 0, 1, 0, 7
"d:\git-repos\hkjc-quant-model\scraper\horse_pipeline.py", "Python", 110, 0, 0, 11, 26, 147
"d:\git-repos\hkjc-quant-model\scraper\parser\horse_parser.py", "Python", 57, 0, 0, 4, 12, 73
"d:\git-repos\hkjc-quant-model\scraper\parser\result_parser.py", "Python", 6, 0, 0, 0, 0, 6
"d:\git-repos\hkjc-quant-model\scraper\parser\sectional_parser.py", "Python", 5, 0, 0, 0, 0, 5
"Total", "-", 463, 136, 6, 40, 94, 739