"filename", "language", "Python", "JSON", "pip requirements", "toml", "Batch", "Markdown", "comment", "blank", "total"
"d:\git-repos\hkjc-quant-model\__init__.py", "Python", 0, 0, 0, 0, 0, 0, 0, 1, 1
"d:\git-repos\hkjc-quant-model\cleaners\__init__.py", "Python", 0, 0, 0, 0, 0, 0, 0, 1, 1
"d:\git-repos\hkjc-quant-model\cleaners\cleaner_pipeline.py", "Python", 35, 0, 0, 0, 0, 0, 1, 11, 47
"d:\git-repos\hkjc-quant-model\cleaners\horses_cleaner.py", "Python", 0, 0, 0, 0, 0, 0, 0, 1, 1
"d:\git-repos\hkjc-quant-model\cleaners\races_cleaner.py", "Python", 254, 0, 0, 0, 0, 0, 14, 33, 301
"d:\git-repos\hkjc-quant-model\cleaners\races_sectional_cleaner.py", "Python", 305, 0, 0, 0, 0, 0, 41, 53, 399
"d:\git-repos\hkjc-quant-model\cleaners\sectional_cleaner.py", "Python", 142, 0, 0, 0, 0, 0, 1, 22, 165
"d:\git-repos\hkjc-quant-model\cli.py", "Python", 140, 0, 0, 0, 0, 0, 15, 27, 182
"d:\git-repos\hkjc-quant-model\config\__init__.py", "Python", 0, 0, 0, 0, 0, 0, 0, 1, 1
"d:\git-repos\hkjc-quant-model\config\settings.py", "Python", 61, 0, 0, 0, 0, 0, 0, 19, 80
"d:\git-repos\hkjc-quant-model\data\horses_rating.json", "JSON", 0, 5902, 0, 0, 0, 0, 0, 0, 5902
"d:\git-repos\hkjc-quant-model\data\today_rc.json", "JSON", 0, 30, 0, 0, 0, 0, 0, 0, 30
"d:\git-repos\hkjc-quant-model\data_process.bat", "Batch", 0, 0, 0, 0, 19, 0, 0, 4, 23
"d:\git-repos\hkjc-quant-model\database\db_manager.py", "Python", 109, 0, 0, 0, 0, 0, 10, 24, 143
"d:\git-repos\hkjc-quant-model\features\feature_pipeline.new.py", "Python", 398, 0, 0, 0, 0, 0, 21, 64, 483
"d:\git-repos\hkjc-quant-model\features\feature_pipeline.py", "Python", 181, 0, 0, 0, 0, 0, 45, 54, 280
"d:\git-repos\hkjc-quant-model\features\features.md", "Markdown", 0, 0, 0, 0, 0, 54, 0, 20, 74
"d:\git-repos\hkjc-quant-model\models\__init__.py", "Python", 0, 0, 0, 0, 0, 0, 0, 1, 1
"d:\git-repos\hkjc-quant-model\models\features_config.json", "JSON", 0, 14, 0, 0, 0, 0, 0, 0, 14
"d:\git-repos\hkjc-quant-model\models\inference.py", "Python", 94, 0, 0, 0, 0, 0, 20, 25, 139
"d:\git-repos\hkjc-quant-model\models\latest_features.json", "JSON", 0, 0, 0, 0, 0, 0, 0, 1, 1
"d:\git-repos\hkjc-quant-model\models\quick_learning_placing.py", "Python", 182, 0, 0, 0, 0, 0, 51, 46, 279
"d:\git-repos\hkjc-quant-model\models\quick_learning_win.py", "Python", 164, 0, 0, 0, 0, 0, 46, 41, 251
"d:\git-repos\hkjc-quant-model\models\race_card_loader.py", "Python", 82, 0, 0, 0, 0, 0, 1, 11, 94
"d:\git-repos\hkjc-quant-model\models\xgbclassifier_best.json", "JSON", 0, 1, 0, 0, 0, 0, 0, 0, 1
"d:\git-repos\hkjc-quant-model\models\xgbranker_best.json", "JSON", 0, 1, 0, 0, 0, 0, 0, 0, 1
"d:\git-repos\hkjc-quant-model\pyproject.toml", "toml", 0, 0, 0, 6, 0, 0, 0, 2, 8
"d:\git-repos\hkjc-quant-model\requirements.txt", "pip requirements", 0, 0, 249, 0, 0, 0, 0, 0, 249
"d:\git-repos\hkjc-quant-model\scraper\__init__.py", "Python", 0, 0, 0, 0, 0, 0, 0, 1, 1
"d:\git-repos\hkjc-quant-model\scraper\data_manager.py", "Python", 24, 0, 0, 0, 0, 0, 4, 6, 34
"d:\git-repos\hkjc-quant-model\scraper\hook.py", "Python", 78, 0, 0, 0, 0, 0, 19, 17, 114
"d:\git-repos\hkjc-quant-model\scraper\horse_pipeline.py", "Python", 110, 0, 0, 0, 0, 0, 11, 26, 147
"d:\git-repos\hkjc-quant-model\scraper\main.py", "Python", 39, 0, 0, 0, 0, 0, 13, 16, 68
"d:\git-repos\hkjc-quant-model\scraper\parser\__init__.py", "Python", 0, 0, 0, 0, 0, 0, 0, 1, 1
"d:\git-repos\hkjc-quant-model\scraper\parser\calander_parser.py", "Python", 37, 0, 0, 0, 0, 0, 14, 18, 69
"d:\git-repos\hkjc-quant-model\scraper\parser\horse_parser.py", "Python", 57, 0, 0, 0, 0, 0, 4, 12, 73
"d:\git-repos\hkjc-quant-model\scraper\parser\rating_parser.py", "Python", 42, 0, 0, 0, 0, 0, 0, 12, 54
"d:\git-repos\hkjc-quant-model\scraper\parser\result_parser.py", "Python", 163, 0, 0, 0, 0, 0, 2, 29, 194
"d:\git-repos\hkjc-quant-model\scraper\parser\sectional_parser.py", "Python", 45, 0, 0, 0, 0, 0, 0, 3, 48
"d:\git-repos\hkjc-quant-model\scraper\race_pipeline.py", "Python", 134, 0, 0, 0, 0, 0, 9, 36, 179
"d:\git-repos\hkjc-quant-model\train.py", "Python", 175, 0, 0, 0, 0, 0, 36, 55, 266
"Total", "-", 3051, 5948, 249, 6, 19, 54, 378, 694, 10399